SET statement_timeout = 0;
SET lock_timeout = 0;
SET idle_in_transaction_session_timeout = 0;
SET client_encoding = 'UTF8';

TRUNCATE TABLE public.utilisateur CASCADE;
TRUNCATE TABLE public.rapport CASCADE;
TRUNCATE TABLE public.question CASCADE;
TRUNCATE TABLE public.souschapitre CASCADE;
TRUNCATE TABLE public.chapitre CASCADE;
TRUNCATE TABLE public.audit CASCADE;
TRUNCATE TABLE public.societe CASCADE;

INSERT INTO public.utilisateur(uti_gaia, uti_nom, uti_prenom, uti_profil_utilisateur,uti_mot_de_passe)VALUES ('AUDIT_02', 'admin', 'admin', 'ADMIN','p06');
INSERT INTO public.utilisateur(uti_gaia, uti_nom, uti_prenom, uti_profil_utilisateur,uti_mot_de_passe)VALUES ('AUDIT_03', 'audit', 'audit', 'AUDITEUR','p06');
INSERT INTO public.utilisateur(uti_gaia, uti_nom, uti_prenom, uti_profil_utilisateur,uti_mot_de_passe)VALUES ('001', 'admin', 'admin', 'ADMIN','p06');
INSERT INTO public.utilisateur(uti_gaia, uti_nom, uti_prenom, uti_profil_utilisateur,uti_mot_de_passe)VALUES ('P06', 'ali', 'ali', 'AUDITEUR','p06');

INSERT INTO public.societe(	soc_id, soc_matricule, soc_nom)VALUES ('SOC_1', '0048/MM/999', 'Renault');
INSERT INTO public.societe(soc_id, soc_matricule, soc_nom)VALUES ('SOC_2', '0048/MM/999', 'PCA');
INSERT INTO public.societe(soc_id, soc_matricule, soc_nom)VALUES ('SOC_3', '0048/MM/999', 'MTD');	
INSERT INTO public.chapitre(cha_id, cha_nom)VALUES (5, 'Politiques de sécurité de l’information');
INSERT INTO public.chapitre(cha_id, cha_nom)VALUES (6, 'Organisation de la sécurité de l’information');
INSERT INTO public.chapitre(cha_id, cha_nom)VALUES (7, 'La sécurité des ressources humaines');
INSERT INTO public.chapitre(cha_id, cha_nom)VALUES (8, 'Gestion des actifs');
INSERT INTO public.chapitre(cha_id, cha_nom)VALUES (9, 'Contrôle d’accès');
INSERT INTO public.chapitre(cha_id, cha_nom)VALUES (10, 'Cryptographie');
INSERT INTO public.chapitre(cha_id, cha_nom)VALUES (11, 'Sécurité physique et environnementale');
INSERT INTO public.chapitre(cha_id, cha_nom)VALUES (12, 'Sécurité liée à l’exploitation');
INSERT INTO public.chapitre(cha_id, cha_nom)VALUES (13, 'Sécurité des communications');
INSERT INTO public.chapitre(cha_id, cha_nom)VALUES (14, 'Acquisition, développement et maintenance des systèmes d’information');
INSERT INTO public.chapitre(cha_id, cha_nom)VALUES (15, 'Relations avec les fournisseurs');
INSERT INTO public.chapitre(cha_id, cha_nom)VALUES (16, 'Gestion des incidents liés à la sécurité de l’information');
INSERT INTO public.chapitre(cha_id, cha_nom)VALUES (17, 'Aspects de la sécurité de l’information dans la gestion de la continuité de l’activité');
INSERT INTO public.chapitre(cha_id, cha_nom)VALUES (18, 'Conformité');

INSERT INTO public.souschapitre(souscha_id, souscha_nom, souscha_poids, cha_id)VALUES ('5.1','Orientations de la direction en matière de sécurité de l’information',2,'5');
INSERT INTO public.souschapitre(souscha_id, souscha_nom, souscha_poids, cha_id)VALUES ('6.1','Organisation interne',5,'6');
INSERT INTO public.souschapitre(souscha_id, souscha_nom, souscha_poids, cha_id)VALUES ('6.2','Appareils mobiles et télétravail',2,'6');
INSERT INTO public.souschapitre(souscha_id, souscha_nom, souscha_poids, cha_id)VALUES ('7.1','Avant l’embauche',2,'7');
INSERT INTO public.souschapitre(souscha_id, souscha_nom, souscha_poids, cha_id)VALUES ('7.2','Pendant la durée du contrat',3,'7');
INSERT INTO public.souschapitre(souscha_id, souscha_nom, souscha_poids, cha_id)VALUES ('7.3','Rupture, terme ou modification du contrat de travail',1,'7');
INSERT INTO public.souschapitre(souscha_id, souscha_nom, souscha_poids, cha_id)VALUES ('8.1','Responsabilités relatives aux actifs',4,'8');
INSERT INTO public.souschapitre(souscha_id, souscha_nom, souscha_poids, cha_id)VALUES ('8.2','Classification de l’information',3,'8');
INSERT INTO public.souschapitre(souscha_id, souscha_nom, souscha_poids, cha_id)VALUES ('8.3','Manipulation des supports',3,'8');
INSERT INTO public.souschapitre(souscha_id, souscha_nom, souscha_poids, cha_id)VALUES ('9.1','Exigences métier en matière de contrôle d’accès',2,'9');
INSERT INTO public.souschapitre(souscha_id, souscha_nom, souscha_poids, cha_id)VALUES ('9.2','Gestion de l’accès utilisateur',6,'9');
INSERT INTO public.souschapitre(souscha_id, souscha_nom, souscha_poids, cha_id)VALUES ('9.3','Responsabilités des utilisateurs',1,'9');
INSERT INTO public.souschapitre(souscha_id, souscha_nom, souscha_poids, cha_id)VALUES ('9.4','Contrôle de l’accès au système et aux applications',5,'9');
INSERT INTO public.souschapitre(souscha_id, souscha_nom, souscha_poids, cha_id)VALUES ('10.1','Mesures cryptographiques',2,'10');
INSERT INTO public.souschapitre(souscha_id, souscha_nom, souscha_poids, cha_id)VALUES ('11.1','Zones sécurisées',6,'11');
INSERT INTO public.souschapitre(souscha_id, souscha_nom, souscha_poids, cha_id)VALUES ('11.2','Matériels',9,'11');
INSERT INTO public.souschapitre(souscha_id, souscha_nom, souscha_poids, cha_id)VALUES ('12.1','Procédures et responsabilités liées à l’exploitation',4,'12');
INSERT INTO public.souschapitre(souscha_id, souscha_nom, souscha_poids, cha_id)VALUES ('12.2','Protection contre les logiciels malveillants',1,'12');
INSERT INTO public.souschapitre(souscha_id, souscha_nom, souscha_poids, cha_id)VALUES ('12.3','Sauvegarde',1,'12');
INSERT INTO public.souschapitre(souscha_id, souscha_nom, souscha_poids, cha_id)VALUES ('12.4','Journalisation et surveillance',4,'12');
INSERT INTO public.souschapitre(souscha_id, souscha_nom, souscha_poids, cha_id)VALUES ('12.5','Maîtrise des logiciels en exploitation',1,'12');
INSERT INTO public.souschapitre(souscha_id, souscha_nom, souscha_poids, cha_id)VALUES ('12.6','Gestion des vulnérabilités techniques',2,'12');
INSERT INTO public.souschapitre(souscha_id, souscha_nom, souscha_poids, cha_id)VALUES ('12.7','Considérations sur l’audit du système d’information',1,'12');
INSERT INTO public.souschapitre(souscha_id, souscha_nom, souscha_poids, cha_id)VALUES ('13.1','Management de la sécurité des réseaux',3,'13');
INSERT INTO public.souschapitre(souscha_id, souscha_nom, souscha_poids, cha_id)VALUES ('13.2','Transfert de l’information',4,'13');
INSERT INTO public.souschapitre(souscha_id, souscha_nom, souscha_poids, cha_id)VALUES ('14.1','Exigences de sécurité applicables aux systèmes d’information',3,'14');
INSERT INTO public.souschapitre(souscha_id, souscha_nom, souscha_poids, cha_id)VALUES ('14.2','Sécurité des processus de développement et d’assistance technique',9,'14');
INSERT INTO public.souschapitre(souscha_id, souscha_nom, souscha_poids, cha_id)VALUES ('14.3','Données de test',1,'14');
INSERT INTO public.souschapitre(souscha_id, souscha_nom, souscha_poids, cha_id)VALUES ('15.1','Sécurité de l’information dans les relations avec les fournisseurs',3,'15');
INSERT INTO public.souschapitre(souscha_id, souscha_nom, souscha_poids, cha_id)VALUES ('15.2','Gestion de la prestation du service',2,'15');
INSERT INTO public.souschapitre(souscha_id, souscha_nom, souscha_poids, cha_id)VALUES ('16.1','Gestion des incidents liés à la sécurité de l’information et améliorations',7,'16');
INSERT INTO public.souschapitre(souscha_id, souscha_nom, souscha_poids, cha_id)VALUES ('17.1','Continuité de la sécurité de l’information',3,'17');
INSERT INTO public.souschapitre(souscha_id, souscha_nom, souscha_poids, cha_id)VALUES ('17.2','Redondances',1,'17');
INSERT INTO public.souschapitre(souscha_id, souscha_nom, souscha_poids, cha_id)VALUES ('18.1','Conformité aux obligations légales et réglementaires',5,'18');
INSERT INTO public.souschapitre(souscha_id, souscha_nom, souscha_poids, cha_id)VALUES ('18.2','Revue de la sécurité de l’information',3,'18');

INSERT INTO public.question(question_id, question_nom, question_poids, souscha_id)VALUES ('5.1.1','Document de politique de sécurité de l"information',4,'5.1');
INSERT INTO public.question(question_id, question_nom, question_poids, souscha_id)VALUES ('5.1.2','Revue des politiques de sécurité de l’information',2,'5.1');
INSERT INTO public.question(question_id, question_nom, question_poids, souscha_id)VALUES ('6.1.1','Fonctions et responsabilités liées à la sécurité de l’information',4,'6.1');
INSERT INTO public.question(question_id, question_nom, question_poids, souscha_id)VALUES ('6.1.2','séparation des tâches',4,'6.1');
INSERT INTO public.question(question_id, question_nom, question_poids, souscha_id)VALUES ('6.1.3','Relations avec les autorités',2,'6.1');
INSERT INTO public.question(question_id, question_nom, question_poids, souscha_id)VALUES ('6.1.4','Relations avec des groupes de travail spécialisés',2,'6.1');
INSERT INTO public.question(question_id, question_nom, question_poids, souscha_id)VALUES ('6.1.5','La sécurité de l’information dans la gestion de projet',4,'6.1');
INSERT INTO public.question(question_id, question_nom, question_poids, souscha_id)VALUES ('6.2.1','Politique en matière d’appareils mobiles',2,'6.2');
INSERT INTO public.question(question_id, question_nom, question_poids, souscha_id)VALUES ('6.2.2','Télétravail',4,'6.2');
INSERT INTO public.question(question_id, question_nom, question_poids, souscha_id)VALUES ('7.1.1','Sélection des candidats',4,'7.1');
INSERT INTO public.question(question_id, question_nom, question_poids, souscha_id)VALUES ('7.1.2','Termes et conditions d’embauche',4,'7.1');
INSERT INTO public.question(question_id, question_nom, question_poids, souscha_id)VALUES ('7.2.1','Responsabilités de la direction',4,'7.2');
INSERT INTO public.question(question_id, question_nom, question_poids, souscha_id)VALUES ('7.2.2','Sensibilisation, apprentissage et formation à la sécurité de l’information',4,'7.2');
INSERT INTO public.question(question_id, question_nom, question_poids, souscha_id)VALUES ('7.2.3','Processus disciplinaire',4,'7.2');
INSERT INTO public.question(question_id, question_nom, question_poids, souscha_id)VALUES ('7.3.1','Achèvement ou modification des responsabilités associées au contrat de travail',4,'7.3');
INSERT INTO public.question(question_id, question_nom, question_poids, souscha_id)VALUES ('8.1.1','Inventaire des actifs',4,'8.1');
INSERT INTO public.question(question_id, question_nom, question_poids, souscha_id)VALUES ('8.1.2','Propriété des actifs',3,'8.1');
INSERT INTO public.question(question_id, question_nom, question_poids, souscha_id)VALUES ('8.1.3','Utilisation correcte des actifs',2,'8.1');
INSERT INTO public.question(question_id, question_nom, question_poids, souscha_id)VALUES ('8.1.4','Restitution des actifs',2,'8.1');
INSERT INTO public.question(question_id, question_nom, question_poids, souscha_id)VALUES ('8.2.1','Classification des informations',4,'8.2');
INSERT INTO public.question(question_id, question_nom, question_poids, souscha_id)VALUES ('8.2.2','Marquage des informations',3,'8.2');
INSERT INTO public.question(question_id, question_nom, question_poids, souscha_id)VALUES ('8.2.3','Manipulation des actifs',3,'8.2');
INSERT INTO public.question(question_id, question_nom, question_poids, souscha_id)VALUES ('8.3.1','Gestion des supports amovibles',4,'8.3');
INSERT INTO public.question(question_id, question_nom, question_poids, souscha_id)VALUES ('8.3.2','Mise au rebut des supports',3,'8.3');
INSERT INTO public.question(question_id, question_nom, question_poids, souscha_id)VALUES ('8.3.3','Transfert physique des supports',3,'8.3');
INSERT INTO public.question(question_id, question_nom, question_poids, souscha_id)VALUES ('9.1.1','Politique de contrôle d’accès',4,'9.1');
INSERT INTO public.question(question_id, question_nom, question_poids, souscha_id)VALUES ('9.1.2','Accès aux réseaux et aux services en réseau',3,'9.1');
INSERT INTO public.question(question_id, question_nom, question_poids, souscha_id)VALUES ('9.2.1','Enregistrement et désinscription des utilisateurs',4,'9.2');
INSERT INTO public.question(question_id, question_nom, question_poids, souscha_id)VALUES ('9.2.2','Maîtrise de la gestion des accès utilisateur',4,'9.2');
INSERT INTO public.question(question_id, question_nom, question_poids, souscha_id)VALUES ('9.2.3','Gestion des privilèges d’accès',4,'9.2');
INSERT INTO public.question(question_id, question_nom, question_poids, souscha_id)VALUES ('9.2.4','Gestion des informations secrètes d’authentification des utilisateurs',3,'9.2');
INSERT INTO public.question(question_id, question_nom, question_poids, souscha_id)VALUES ('9.2.5','Revue des droits d’accès utilisateur',4,'9.2');
INSERT INTO public.question(question_id, question_nom, question_poids, souscha_id)VALUES ('9.2.6','Suppression ou adaptation des droits d’accès',3,'9.2');
INSERT INTO public.question(question_id, question_nom, question_poids, souscha_id)VALUES ('9.3.1','Utilisation d’informations secrètes d’authentification',3,'9.3');
INSERT INTO public.question(question_id, question_nom, question_poids, souscha_id)VALUES ('9.4.1','Restriction d’accès à l’information',4,'9.4');
INSERT INTO public.question(question_id, question_nom, question_poids, souscha_id)VALUES ('9.4.2','Sécuriser les procédures de connexion',4,'9.4');
INSERT INTO public.question(question_id, question_nom, question_poids, souscha_id)VALUES ('9.4.3','Système de gestion des mots de passe',3,'9.4');
INSERT INTO public.question(question_id, question_nom, question_poids, souscha_id)VALUES ('9.4.4','Utilisation de programmes utilitaires à privilèges',2,'9.4');
INSERT INTO public.question(question_id, question_nom, question_poids, souscha_id)VALUES ('9.4.5','Contrôle d’accès au code source des programmes',4,'9.4');
INSERT INTO public.question(question_id, question_nom, question_poids, souscha_id)VALUES ('10.1.1','Politique d’utilisation des mesures cryptographiques',4,'10.1');
INSERT INTO public.question(question_id, question_nom, question_poids, souscha_id)VALUES ('10.1.2','Gestion des clés',4,'10.1');
INSERT INTO public.question(question_id, question_nom, question_poids, souscha_id)VALUES ('11.1.1','Périmètre de sécurité physique',4,'11.1');
INSERT INTO public.question(question_id, question_nom, question_poids, souscha_id)VALUES ('11.1.2','Contrôles physiques des accès',4,'11.1');
INSERT INTO public.question(question_id, question_nom, question_poids, souscha_id)VALUES ('11.1.3','Sécurisation des bureaux, des salles et des équipements',2,'11.1');
INSERT INTO public.question(question_id, question_nom, question_poids, souscha_id)VALUES ('11.1.4','Protection contre les menaces extérieures et environnementales',4,'11.1');
INSERT INTO public.question(question_id, question_nom, question_poids, souscha_id)VALUES ('11.1.5','Travail dans les zones sécurisées',4,'11.1');
INSERT INTO public.question(question_id, question_nom, question_poids, souscha_id)VALUES ('11.1.6','Zones de livraison et de chargement',2,'11.1');
INSERT INTO public.question(question_id, question_nom, question_poids, souscha_id)VALUES ('11.2.1','Emplacement et protection du matériel',4,'11.2');
INSERT INTO public.question(question_id, question_nom, question_poids, souscha_id)VALUES ('11.2.2','Services généraux',4,'11.2');
INSERT INTO public.question(question_id, question_nom, question_poids, souscha_id)VALUES ('11.2.3','Sécurité du câblage',4,'11.2');
INSERT INTO public.question(question_id, question_nom, question_poids, souscha_id)VALUES ('11.2.4','Maintenance du matériel',3,'11.2');
INSERT INTO public.question(question_id, question_nom, question_poids, souscha_id)VALUES ('11.2.5','Sortie des actifs',2,'11.2');
INSERT INTO public.question(question_id, question_nom, question_poids, souscha_id)VALUES ('11.2.6','Sécurité du matériel et des actifs hors des locaux',4,'11.2');
INSERT INTO public.question(question_id, question_nom, question_poids, souscha_id)VALUES ('11.2.7','Mise au rebut ou recyclage sécurisé(e) du matériel',4,'11.2');
INSERT INTO public.question(question_id, question_nom, question_poids, souscha_id)VALUES ('11.2.8','Matériel utilisateur laissé sans surveillance',2,'11.2');
INSERT INTO public.question(question_id, question_nom, question_poids, souscha_id)VALUES ('11.2.9','Politique du bureau propre et de l’écran vide',2,'11.2');
INSERT INTO public.question(question_id, question_nom, question_poids, souscha_id)VALUES ('12.1.1','Procédures d’exploitation documentées',4,'12.1');
INSERT INTO public.question(question_id, question_nom, question_poids, souscha_id)VALUES ('12.1.2','Gestion des changements',4,'12.1');
INSERT INTO public.question(question_id, question_nom, question_poids, souscha_id)VALUES ('12.1.3','Dimensionnement',2,'12.1');
INSERT INTO public.question(question_id, question_nom, question_poids, souscha_id)VALUES ('12.1.4','Séparation des environnements de développement, de test et d’exploitation',3,'12.1');
INSERT INTO public.question(question_id, question_nom, question_poids, souscha_id)VALUES ('12.2.1','Mesures contre les logiciels malveillants',4,'12.2');
INSERT INTO public.question(question_id, question_nom, question_poids, souscha_id)VALUES ('12.3.1','Sauvegarde des informations',4,'12.3');
INSERT INTO public.question(question_id, question_nom, question_poids, souscha_id)VALUES ('12.4.1','Journalisation des événements',4,'12.4');
INSERT INTO public.question(question_id, question_nom, question_poids, souscha_id)VALUES ('12.4.2','Protection de l’information journalisée',3,'12.4');
INSERT INTO public.question(question_id, question_nom, question_poids, souscha_id)VALUES ('12.4.3','Journaux administrateur et opérateur',4,'12.4');
INSERT INTO public.question(question_id, question_nom, question_poids, souscha_id)VALUES ('12.4.4','Synchronisation des horloges',3,'12.4');
INSERT INTO public.question(question_id, question_nom, question_poids, souscha_id)VALUES ('12.5.1','Installation de logiciels sur des systèmes en exploitation',4,'12.5');
INSERT INTO public.question(question_id, question_nom, question_poids, souscha_id)VALUES ('12.6.1','Gestion des vulnérabilités techniques',4,'12.6');
INSERT INTO public.question(question_id, question_nom, question_poids, souscha_id)VALUES ('12.6.2','Restrictions liées à l’installation de logiciels',3,'12.6');
INSERT INTO public.question(question_id, question_nom, question_poids, souscha_id)VALUES ('12.7.1','Mesures relatives à l’audit des systèmes d’information',4,'12.7');
INSERT INTO public.question(question_id, question_nom, question_poids, souscha_id)VALUES ('13.1.1','Contrôle des réseaux',4,'13.1');
INSERT INTO public.question(question_id, question_nom, question_poids, souscha_id)VALUES ('13.1.2','Sécurité des services de réseau',4,'13.1');
INSERT INTO public.question(question_id, question_nom, question_poids, souscha_id)VALUES ('13.1.3','Cloisonnement des réseaux',4,'13.1');
INSERT INTO public.question(question_id, question_nom, question_poids, souscha_id)VALUES ('13.2.1','Politiques et procédures de transfert de l’information',3,'13.2');
INSERT INTO public.question(question_id, question_nom, question_poids, souscha_id)VALUES ('13.2.2','Accords en matière de transfert d’information',2,'13.2');
INSERT INTO public.question(question_id, question_nom, question_poids, souscha_id)VALUES ('13.2.3','Messagerie électronique',4,'13.2');
INSERT INTO public.question(question_id, question_nom, question_poids, souscha_id)VALUES ('13.2.4','Engagements de confidentialité ou de non-divulgation',3,'13.2');
INSERT INTO public.question(question_id, question_nom, question_poids, souscha_id)VALUES ('14.1.1','Analyse et spécification des exigences de sécurité de l’information',4,'14.1');
INSERT INTO public.question(question_id, question_nom, question_poids, souscha_id)VALUES ('14.1.2','Sécurisation des services d’application sur les réseaux publics',4,'14.1');
INSERT INTO public.question(question_id, question_nom, question_poids, souscha_id)VALUES ('14.1.3','Protection des transactions liées aux services d’application',4,'14.1');
INSERT INTO public.question(question_id, question_nom, question_poids, souscha_id)VALUES ('14.2.1','Politique de développement sécurisé',4,'14.2');
INSERT INTO public.question(question_id, question_nom, question_poids, souscha_id)VALUES ('14.2.2','Procédures de contrôle des changements apportés au système',4,'14.2');
INSERT INTO public.question(question_id, question_nom, question_poids, souscha_id)VALUES ('14.2.3','Revue technique des applications après changement apporté à la plateforme d’exploitation',4,'14.2');
INSERT INTO public.question(question_id, question_nom, question_poids, souscha_id)VALUES ('14.2.4','Restrictions relatives aux changements apportés aux progiciels',2,'14.2');
INSERT INTO public.question(question_id, question_nom, question_poids, souscha_id)VALUES ('14.2.5','Principes d’ingénierie de la sécurité des systèmes',2,'14.2');
INSERT INTO public.question(question_id, question_nom, question_poids, souscha_id)VALUES ('14.2.6','Environnement de développement sécurisé',4,'14.2');
INSERT INTO public.question(question_id, question_nom, question_poids, souscha_id)VALUES ('14.2.7','Développement externalisé',3,'14.2');
INSERT INTO public.question(question_id, question_nom, question_poids, souscha_id)VALUES ('14.2.8','Phase de test de la sécurité du système',2,'14.2');
INSERT INTO public.question(question_id, question_nom, question_poids, souscha_id)VALUES ('14.2.9','Test de conformité du système',2,'14.2');
INSERT INTO public.question(question_id, question_nom, question_poids, souscha_id)VALUES ('14.3.1','Protection des données de test',4,'14.3');
INSERT INTO public.question(question_id, question_nom, question_poids, souscha_id)VALUES ('15.1.1','Politique de sécurité de l’information dans les relations avec les fournisseurs',3,'15.1');
INSERT INTO public.question(question_id, question_nom, question_poids, souscha_id)VALUES ('15.1.2','La sécurité dans les accords conclus avec les fournisseurs',3,'15.1');
INSERT INTO public.question(question_id, question_nom, question_poids, souscha_id)VALUES ('15.1.3','Chaine d’approvisionnement informatique',2,'15.1');
INSERT INTO public.question(question_id, question_nom, question_poids, souscha_id)VALUES ('15.2.1','Surveillance et revue des services des fournisseurs',4,'15.2');
INSERT INTO public.question(question_id, question_nom, question_poids, souscha_id)VALUES ('15.2.2','Gestion des changements apportés dans les services des fournisseurs',2,'15.2');
INSERT INTO public.question(question_id, question_nom, question_poids, souscha_id)VALUES ('16.1.1','Responsabilités et procédures',4,'16.1');
INSERT INTO public.question(question_id, question_nom, question_poids, souscha_id)VALUES ('16.1.2','Signalement des événements liés à la sécurité de l’information',4,'16.1');
INSERT INTO public.question(question_id, question_nom, question_poids, souscha_id)VALUES ('16.1.3','Signalement des failles liées à la sécurité de l’information',3,'16.1');
INSERT INTO public.question(question_id, question_nom, question_poids, souscha_id)VALUES ('16.1.4','Appréciation des événements liés à la sécurité de l’information et prise de décision',3,'16.1');
INSERT INTO public.question(question_id, question_nom, question_poids, souscha_id)VALUES ('16.1.5','Réponse aux incidents liés à la sécurité de l’information',3,'16.1');
INSERT INTO public.question(question_id, question_nom, question_poids, souscha_id)VALUES ('16.1.6','Tirer des enseignements des incidents liés à la sécurité de l’information',2,'16.1');
INSERT INTO public.question(question_id, question_nom, question_poids, souscha_id)VALUES ('16.1.7','Recueil de preuves',2,'16.1');
INSERT INTO public.question(question_id, question_nom, question_poids, souscha_id)VALUES ('17.1.1','Organisation de la continuité de la sécurité de l’information',4,'17.1');
INSERT INTO public.question(question_id, question_nom, question_poids, souscha_id)VALUES ('17.1.2','Mise en œuvre de la continuité de la sécurité de l’information',4,'17.1');
INSERT INTO public.question(question_id, question_nom, question_poids, souscha_id)VALUES ('17.1.3','Vérifier, revoir et évaluer la continuité de la sécurité de l’information',4,'17.1');
INSERT INTO public.question(question_id, question_nom, question_poids, souscha_id)VALUES ('17.2.1','Disponibilité moyens de traitement de l’information',4,'17.2');
INSERT INTO public.question(question_id, question_nom, question_poids, souscha_id)VALUES ('18.1.1','Identification de la législation et des exigences contractuelles applicables',4,'18.1');
INSERT INTO public.question(question_id, question_nom, question_poids, souscha_id)VALUES ('18.1.2','Droits de propriété intellectuelle',3,'18.1');
INSERT INTO public.question(question_id, question_nom, question_poids, souscha_id)VALUES ('18.1.3','Protection des enregistrements',3,'18.1');
INSERT INTO public.question(question_id, question_nom, question_poids, souscha_id)VALUES ('18.1.4','Protection de la vie privée et protection des données à caractère personnel',4,'18.1');
INSERT INTO public.question(question_id, question_nom, question_poids, souscha_id)VALUES ('18.1.5','Réglementation relative aux mesures cryptographiques',3,'18.1');
INSERT INTO public.question(question_id, question_nom, question_poids, souscha_id)VALUES ('18.2.1','Revue indépendante de la sécurité de l’information',3,'18.2');
INSERT INTO public.question(question_id, question_nom, question_poids, souscha_id)VALUES ('18.2.2','Conformité avec les politiques et les normes de sécurité',3,'18.2');
INSERT INTO public.question(question_id, question_nom, question_poids, souscha_id)VALUES ('18.2.3','Vérification de la conformité technique',3,'18.2');

INSERT INTO public.audit(audit_id, audit_date, audit_nom, soc_id)VALUES ('audit_1', '15/05/2022','audit de securité informatique', 'SOC_1');
INSERT INTO public.audit(audit_id, audit_date, audit_nom, soc_id)VALUES ('audit_2', '15/05/2022','audit de RH', 'SOC_2');
INSERT INTO public.audit(audit_id, audit_date, audit_nom, soc_id)VALUES ('audit_3', '15/05/2022','audit génerale', 'SOC_3');
INSERT INTO public.audit(audit_id, audit_date, audit_nom, soc_id)VALUES ('PXX1', '28/05/2022','audit génerale', 'SOC_3');

INSERT INTO public.rapport(rap_question_note, audit_id, question_id)VALUES (4,'PXX1','5.1.1');
INSERT INTO public.rapport( rap_question_note, audit_id, question_id)VALUES(3,'PXX1','5.1.2');
INSERT INTO public.rapport( rap_question_note, audit_id, question_id)VALUES(4,'PXX1','6.1.1');
INSERT INTO public.rapport( rap_question_note, audit_id, question_id)VALUES(4,'PXX1','6.1.2');
INSERT INTO public.rapport( rap_question_note, audit_id, question_id)VALUES(4,'PXX1','6.1.3');
INSERT INTO public.rapport( rap_question_note, audit_id, question_id)VALUES(4,'PXX1','6.1.4');
INSERT INTO public.rapport( rap_question_note, audit_id, question_id)VALUES(3,'PXX1','6.1.5');
INSERT INTO public.rapport( rap_question_note, audit_id, question_id)VALUES(3,'PXX1','6.2.1');
INSERT INTO public.rapport( rap_question_note, audit_id, question_id)VALUES(4,'PXX1','6.2.2');
INSERT INTO public.rapport( rap_question_note, audit_id, question_id)VALUES(4,'PXX1','7.1.1');
INSERT INTO public.rapport( rap_question_note, audit_id, question_id)VALUES(4,'PXX1','7.1.2');
INSERT INTO public.rapport( rap_question_note, audit_id, question_id)VALUES(4,'PXX1','7.2.1');
INSERT INTO public.rapport( rap_question_note, audit_id, question_id)VALUES(3,'PXX1','7.2.2');
INSERT INTO public.rapport( rap_question_note, audit_id, question_id)VALUES(4,'PXX1','7.2.3');
INSERT INTO public.rapport( rap_question_note, audit_id, question_id)VALUES(3,'PXX1','7.3.1');
INSERT INTO public.rapport( rap_question_note, audit_id, question_id)VALUES(4,'PXX1','8.1.1');
INSERT INTO public.rapport( rap_question_note, audit_id, question_id)VALUES(3,'PXX1','8.1.2');
INSERT INTO public.rapport( rap_question_note, audit_id, question_id)VALUES(3,'PXX1','8.1.3');
INSERT INTO public.rapport( rap_question_note, audit_id, question_id)VALUES(3,'PXX1','8.1.4');
INSERT INTO public.rapport( rap_question_note, audit_id, question_id)VALUES(3,'PXX1','8.2.1');
INSERT INTO public.rapport( rap_question_note, audit_id, question_id)VALUES(3,'PXX1','8.2.2');
INSERT INTO public.rapport( rap_question_note, audit_id, question_id)VALUES(3,'PXX1','8.2.3');
INSERT INTO public.rapport( rap_question_note, audit_id, question_id)VALUES(4,'PXX1','8.3.1');
INSERT INTO public.rapport( rap_question_note, audit_id, question_id)VALUES(3,'PXX1','8.3.2');
INSERT INTO public.rapport( rap_question_note, audit_id, question_id)VALUES(3,'PXX1','8.3.3');
INSERT INTO public.rapport( rap_question_note, audit_id, question_id)VALUES(3,'PXX1','9.1.1');
INSERT INTO public.rapport( rap_question_note, audit_id, question_id)VALUES(3,'PXX1','9.1.2');
INSERT INTO public.rapport( rap_question_note, audit_id, question_id)VALUES(4,'PXX1','9.2.1');
INSERT INTO public.rapport( rap_question_note, audit_id, question_id)VALUES(3,'PXX1','9.2.2');
INSERT INTO public.rapport( rap_question_note, audit_id, question_id)VALUES(2,'PXX1','9.2.3');
INSERT INTO public.rapport( rap_question_note, audit_id, question_id)VALUES(3,'PXX1','9.2.4');
INSERT INTO public.rapport( rap_question_note, audit_id, question_id)VALUES(3,'PXX1','9.2.5');
INSERT INTO public.rapport( rap_question_note, audit_id, question_id)VALUES(3,'PXX1','9.2.6');
INSERT INTO public.rapport( rap_question_note, audit_id, question_id)VALUES(3,'PXX1','9.3.1');
INSERT INTO public.rapport( rap_question_note, audit_id, question_id)VALUES(3,'PXX1','9.4.1');
INSERT INTO public.rapport( rap_question_note, audit_id, question_id)VALUES(3,'PXX1','9.4.2');
INSERT INTO public.rapport( rap_question_note, audit_id, question_id)VALUES(2,'PXX1','9.4.3');
INSERT INTO public.rapport( rap_question_note, audit_id, question_id)VALUES(3,'PXX1','9.4.4');
INSERT INTO public.rapport( rap_question_note, audit_id, question_id)VALUES(3,'PXX1','9.4.5');
INSERT INTO public.rapport( rap_question_note, audit_id, question_id)VALUES(4,'PXX1','10.1.1');
INSERT INTO public.rapport( rap_question_note, audit_id, question_id)VALUES(3,'PXX1','10.1.2');
INSERT INTO public.rapport( rap_question_note, audit_id, question_id)VALUES(3,'PXX1','11.1.1');
INSERT INTO public.rapport( rap_question_note, audit_id, question_id)VALUES(3,'PXX1','11.1.2');
INSERT INTO public.rapport( rap_question_note, audit_id, question_id)VALUES(3,'PXX1','11.1.3');
INSERT INTO public.rapport( rap_question_note, audit_id, question_id)VALUES(3,'PXX1','11.1.4');
INSERT INTO public.rapport( rap_question_note, audit_id, question_id)VALUES(4,'PXX1','11.1.5');
INSERT INTO public.rapport( rap_question_note, audit_id, question_id)VALUES(4,'PXX1','11.1.6');
INSERT INTO public.rapport( rap_question_note, audit_id, question_id)VALUES(3,'PXX1','11.2.1');
INSERT INTO public.rapport( rap_question_note, audit_id, question_id)VALUES(3,'PXX1','11.2.2');
INSERT INTO public.rapport( rap_question_note, audit_id, question_id)VALUES(3,'PXX1','11.2.3');
INSERT INTO public.rapport( rap_question_note, audit_id, question_id)VALUES(3,'PXX1','11.2.4');
INSERT INTO public.rapport( rap_question_note, audit_id, question_id)VALUES(3,'PXX1','11.2.5');
INSERT INTO public.rapport( rap_question_note, audit_id, question_id)VALUES(3,'PXX1','11.2.6');
INSERT INTO public.rapport( rap_question_note, audit_id, question_id)VALUES(3,'PXX1','11.2.7');
INSERT INTO public.rapport( rap_question_note, audit_id, question_id)VALUES(3,'PXX1','11.2.8');
INSERT INTO public.rapport( rap_question_note, audit_id, question_id)VALUES(3,'PXX1','11.2.9');
INSERT INTO public.rapport( rap_question_note, audit_id, question_id)VALUES(3,'PXX1','12.1.1');
INSERT INTO public.rapport( rap_question_note, audit_id, question_id)VALUES(4,'PXX1','12.1.2');
INSERT INTO public.rapport( rap_question_note, audit_id, question_id)VALUES(3',PXX1','12.1.3');
INSERT INTO public.rapport( rap_question_note, audit_id, question_id)VALUES(4,'PXX1','12.1.4');
INSERT INTO public.rapport( rap_question_note, audit_id, question_id)VALUES(3,'PXX1','12.2.1');
INSERT INTO public.rapport( rap_question_note, audit_id, question_id)VALUES(3,'PXX1','12.3.1');
INSERT INTO public.rapport( rap_question_note, audit_id, question_id)VALUES(4,'PXX1','12.4.1');
INSERT INTO public.rapport( rap_question_note, audit_id, question_id)VALUES(3,'PXX1','12.4.2');
INSERT INTO public.rapport( rap_question_note, audit_id, question_id)VALUES(3,'PXX1','12.4.3');
INSERT INTO public.rapport( rap_question_note, audit_id, question_id)VALUES(3,'PXX1','12.4.4');
INSERT INTO public.rapport( rap_question_note, audit_id, question_id)VALUES(4,'PXX1','12.5.1');
INSERT INTO public.rapport( rap_question_note, audit_id, question_id)VALUES(4,'PXX1','12.6.1');
INSERT INTO public.rapport( rap_question_note, audit_id, question_id)VALUES(3,'PXX1','12.6.2');
INSERT INTO public.rapport( rap_question_note, audit_id, question_id)VALUES(3,'PXX1','12.7.1');
INSERT INTO public.rapport( rap_question_note, audit_id, question_id)VALUES(3,'PXX1','13.1.1');
INSERT INTO public.rapport( rap_question_note, audit_id, question_id)VALUES(3,'PXX1','13.1.2');
INSERT INTO public.rapport( rap_question_note, audit_id, question_id)VALUES(4,'PXX1','13.1.3');
INSERT INTO public.rapport( rap_question_note, audit_id, question_id)VALUES(3,'PXX1','13.2.1');
INSERT INTO public.rapport( rap_question_note, audit_id, question_id)VALUES(3,'PXX1','13.2.2');
INSERT INTO public.rapport( rap_question_note, audit_id, question_id)VALUES(3,'PXX1','13.2.3');
INSERT INTO public.rapport( rap_question_note, audit_id, question_id)VALUES(3,'PXX1','13.2.4');
INSERT INTO public.rapport( rap_question_note, audit_id, question_id)VALUES(3,'PXX1','14.1.1');
INSERT INTO public.rapport( rap_question_note, audit_id, question_id)VALUES(3,'PXX1','14.1.2');
INSERT INTO public.rapport( rap_question_note, audit_id, question_id)VALUES(3,'PXX1','14.1.3');
INSERT INTO public.rapport( rap_question_note, audit_id, question_id)VALUES(3,'PXX1','14.2.1');
INSERT INTO public.rapport( rap_question_note, audit_id, question_id)VALUES(4,'PXX1','14.2.2');
INSERT INTO public.rapport( rap_question_note, audit_id, question_id)VALUES(3,'PXX1','14.2.3');
INSERT INTO public.rapport( rap_question_note, audit_id, question_id)VALUES(3,'PXX1','14.2.4');
INSERT INTO public.rapport( rap_question_note, audit_id, question_id)VALUES(3,'PXX1','14.2.5');
INSERT INTO public.rapport( rap_question_note, audit_id, question_id)VALUES(4,'PXX1','14.2.6');
INSERT INTO public.rapport( rap_question_note, audit_id, question_id)VALUES(3,'PXX1','14.2.7');
INSERT INTO public.rapport( rap_question_note, audit_id, question_id)VALUES(3,'PXX1','14.2.8');
INSERT INTO public.rapport( rap_question_note, audit_id, question_id)VALUES(3,'PXX1','14.2.9');
INSERT INTO public.rapport( rap_question_note, audit_id, question_id)VALUES(3,'PXX1','14.3.1');
INSERT INTO public.rapport( rap_question_note, audit_id, question_id)VALUES(3,'PXX1','15.1.1');
INSERT INTO public.rapport( rap_question_note, audit_id, question_id)VALUES(4,'PXX1','15.1.2');
INSERT INTO public.rapport( rap_question_note, audit_id, question_id)VALUES(3,'PXX1','15.1.3');
INSERT INTO public.rapport( rap_question_note, audit_id, question_id)VALUES(3,'PXX1','15.2.1');
INSERT INTO public.rapport( rap_question_note, audit_id, question_id)VALUES(3,'PXX1','15.2.2');
INSERT INTO public.rapport( rap_question_note, audit_id, question_id)VALUES(4,'PXX1','16.1.1');
INSERT INTO public.rapport( rap_question_note, audit_id, question_id)VALUES(3,'PXX1','16.1.2');
INSERT INTO public.rapport( rap_question_note, audit_id, question_id)VALUES(3,'PXX1','16.1.3');
INSERT INTO public.rapport( rap_question_note, audit_id, question_id)VALUES(3,'PXX1','16.1.4');
INSERT INTO public.rapport( rap_question_note, audit_id, question_id)VALUES(3,'PXX1','16.1.5');
INSERT INTO public.rapport( rap_question_note, audit_id, question_id)VALUES(3,'PXX1','16.1.6');
INSERT INTO public.rapport( rap_question_note, audit_id, question_id)VALUES(3,'PXX1','16.1.7');
INSERT INTO public.rapport( rap_question_note, audit_id, question_id)VALUES(4,'PXX1','17.1.1');
INSERT INTO public.rapport( rap_question_note, audit_id, question_id)VALUES(4,'PXX1','17.1.2');
INSERT INTO public.rapport( rap_question_note, audit_id, question_id)VALUES(3,'PXX1','17.1.3');
INSERT INTO public.rapport( rap_question_note, audit_id, question_id)VALUES(3,'PXX1','17.2.1');
INSERT INTO public.rapport( rap_question_note, audit_id, question_id)VALUES(3,'PXX1','18.1.1');
INSERT INTO public.rapport( rap_question_note, audit_id, question_id)VALUES(3,'PXX1','18.1.2');
INSERT INTO public.rapport( rap_question_note, audit_id, question_id)VALUES(3,'PXX1','18.1.3');
INSERT INTO public.rapport( rap_question_note, audit_id, question_id)VALUES(3,'PXX1','18.1.4');
INSERT INTO public.rapport( rap_question_note, audit_id, question_id)VALUES(3,'PXX1','18.1.5');
INSERT INTO public.rapport( rap_question_note, audit_id, question_id)VALUES(4,'PXX1','18.2.1');
INSERT INTO public.rapport( rap_question_note, audit_id, question_id)VALUES(3,'PXX1','18.2.2');
INSERT INTO public.rapport( rap_question_note, audit_id, question_id)VALUES(3,'PXX1','18.2.3');

	